University Name_Shanghai,Links_Shanghai,University Name_Links2,Links_Links2,University Name_final,Links_final,University Name_LinksXLSX,Links_LinksXLSX
harvard university,https://www.shanghairanking.com/institution/harvard-university,harvard university,https://www.timeshighereducation.com/student/register-interest/shorelight?utm_medium=thewebsite&utm_campaign=cta-link&utm_source=rankings&iid=i-48698023,national university of singapore (nus),https://www.nus.edu.sg/,the university of new south wales (unsw sydney),https://www.avondale.edu.au/course/master-of-lifestyle-medicine/
stanford university,https://www.shanghairanking.com/institution/stanford-university,"university of california, berkeley",https://www.timeshighereducation.com/student/register-interest/shorelight?utm_medium=thewebsite&utm_campaign=cta-link&utm_source=rankings&iid=i-50018853,national university of singapore (nus),https://www.nus.edu.sg/,the university of new south wales (unsw sydney),https://www.avondale.edu.au/course/master-of-lifestyle-medicine/
massachusetts institute of technology (mit),https://www.shanghairanking.com/institution/massachusetts-institute-of-technology-mit,massachusetts institute of technology,https://www.timeshighereducation.com/student/register-interest/shorelight?utm_medium=thewebsite&utm_campaign=cta-link&utm_source=rankings&iid=i-68334672,university of colombo,https://cmb.ac.lk/,university of malbourne,https://study.unimelb.edu.au/find/courses/graduate/doctor-of-medicine/
university of cambridge,https://www.shanghairanking.com/institution/university-of-cambridge,university of cambridge,https://www.timeshighereducation.com/student/register-interest/siuk?utm_medium=thewebsite&utm_campaign=cta-link&utm_source=rankings&iid=i-67516113,national university of singapore (nus),https://www.nus.edu.sg/,the university of new south wales (unsw sydney),https://www.avondale.edu.au/course/master-of-lifestyle-medicine/
"university of california, berkeley",https://www.shanghairanking.com/institution/university-of-california-berkeley,"university of california, berkeley",https://www.timeshighereducation.com/student/register-interest/shorelight?utm_medium=thewebsite&utm_campaign=cta-link&utm_source=rankings&iid=i-50018853,singapore university of technology and design (sutd),https://www.sutd.edu.sg/,monash university,https://www.monash.edu/study/interest-areas/health
princeton university,https://www.shanghairanking.com/institution/princeton-university,princeton university,https://www.timeshighereducation.com/student/register-interest/shorelight?utm_medium=thewebsite&utm_campaign=cta-link&utm_source=rankings&iid=i-20795402,national university of singapore (nus),https://www.nus.edu.sg/,the university of new south wales (unsw sydney),https://www.avondale.edu.au/course/master-of-lifestyle-medicine/
university of oxford,https://www.shanghairanking.com/institution/university-of-oxford,university of oxford,https://www.timeshighereducation.com/student/register-interest/siuk?utm_medium=thewebsite&utm_campaign=cta-link&utm_source=rankings&iid=i-92611101,national university of singapore (nus),https://www.nus.edu.sg/,the university of new south wales (unsw sydney),https://www.avondale.edu.au/course/master-of-lifestyle-medicine/
columbia university,https://www.shanghairanking.com/institution/columbia-university,columbia university,https://www.timeshighereducation.com/student/register-interest/shorelight?utm_medium=thewebsite&utm_campaign=cta-link&utm_source=rankings&iid=i-62830784,national university of singapore (nus),https://www.nus.edu.sg/,the university of new south wales (unsw sydney),https://www.avondale.edu.au/course/master-of-lifestyle-medicine/
california institute of technology,https://www.shanghairanking.com/institution/california-institute-of-technology,california institute of technology,https://www.timeshighereducation.com/student/register-interest/shorelight?utm_medium=thewebsite&utm_campaign=cta-link&utm_source=rankings&iid=i-20537945,singapore university of technology and design (sutd),https://www.sutd.edu.sg/,,Not Available
university of chicago,https://www.shanghairanking.com/institution/university-of-chicago,massachusetts institute of technology,https://www.timeshighereducation.com/student/register-interest/shorelight?utm_medium=thewebsite&utm_campaign=cta-link&utm_source=rankings&iid=i-68334672,national university of singapore (nus),https://www.nus.edu.sg/,the university of new south wales (unsw sydney),https://www.avondale.edu.au/course/master-of-lifestyle-medicine/
yale university,https://www.shanghairanking.com/institution/yale-university,yale university,https://www.timeshighereducation.com/student/register-interest/shorelight?utm_medium=thewebsite&utm_campaign=cta-link&utm_source=rankings&iid=i-73583889,national university of singapore (nus),https://www.nus.edu.sg/,university of malbourne,https://study.unimelb.edu.au/find/courses/graduate/doctor-of-medicine/
cornell university,https://www.shanghairanking.com/institution/cornell-university,cornell university,https://www.timeshighereducation.com/student/register-interest/shorelight?utm_medium=thewebsite&utm_campaign=cta-link&utm_source=rankings&iid=i-48987672,national university of singapore (nus),https://www.nus.edu.sg/,the university of new south wales (unsw sydney),https://www.avondale.edu.au/course/master-of-lifestyle-medicine/
"university of california, los angeles",https://www.shanghairanking.com/institution/university-of-california-los-angeles,"university of california, los angeles",https://www.timeshighereducation.com/student/register-interest/shorelight?utm_medium=thewebsite&utm_campaign=cta-link&utm_source=rankings&iid=i-95508882,university of colombo,https://cmb.ac.lk/,university of malbourne,https://study.unimelb.edu.au/find/courses/graduate/doctor-of-medicine/
university of pennsylvania,https://www.shanghairanking.com/institution/university-of-pennsylvania,university of pennsylvania,https://www.timeshighereducation.com/student/register-interest/shorelight?utm_medium=thewebsite&utm_campaign=cta-link&utm_source=rankings&iid=i-31733092,singapore university of technology and design (sutd),https://www.sutd.edu.sg/,the university of new south wales (unsw sydney),https://www.avondale.edu.au/course/master-of-lifestyle-medicine/
paris-saclay university,https://www.shanghairanking.com/institution/paris-saclay-university,yale university,https://www.timeshighereducation.com/student/register-interest/shorelight?utm_medium=thewebsite&utm_campaign=cta-link&utm_source=rankings&iid=i-73583889,national university of singapore (nus),https://www.nus.edu.sg/,the university of new south wales (unsw sydney),https://www.avondale.edu.au/course/master-of-lifestyle-medicine/
johns hopkins university,https://www.shanghairanking.com/institution/johns-hopkins-university,johns hopkins university,https://www.timeshighereducation.com/student/register-interest/shorelight?utm_medium=thewebsite&utm_campaign=cta-link&utm_source=rankings&iid=i-44788493,national university of singapore (nus),https://www.nus.edu.sg/,the university of new south wales (unsw sydney),https://www.avondale.edu.au/course/master-of-lifestyle-medicine/
university college london,https://www.shanghairanking.com/institution/university-college-london,yale university,https://www.timeshighereducation.com/student/register-interest/shorelight?utm_medium=thewebsite&utm_campaign=cta-link&utm_source=rankings&iid=i-73583889,singapore university of technology and design (sutd),https://www.sutd.edu.sg/,the university of new south wales (unsw sydney),https://www.avondale.edu.au/course/master-of-lifestyle-medicine/
university of washington,https://www.shanghairanking.com/institution/university-of-washington,university of washington,https://www.timeshighereducation.com/student/register-interest/shorelight?utm_medium=thewebsite&utm_campaign=cta-link&utm_source=rankings&iid=i-79008396,national university of singapore (nus),https://www.nus.edu.sg/,the university of new south wales (unsw sydney),https://www.avondale.edu.au/course/master-of-lifestyle-medicine/
"university of california, san diego",https://www.shanghairanking.com/institution/university-of-california-san-diego,"university of california, san diego",https://www.timeshighereducation.com/student/register-interest/shorelight?utm_medium=thewebsite&utm_campaign=cta-link&utm_source=rankings&iid=i-62118223,university of colombo,https://cmb.ac.lk/,university of malbourne,https://study.unimelb.edu.au/find/courses/graduate/doctor-of-medicine/
eth zurich,https://www.shanghairanking.com/institution/eth-zurich,,Not Available,,,,Not Available
"university of california, san francisco",https://www.shanghairanking.com/institution/university-of-california-san-francisco,university of oxford,https://www.timeshighereducation.com/student/register-interest/siuk?utm_medium=thewebsite&utm_campaign=cta-link&utm_source=rankings&iid=i-92611101,university of colombo,https://cmb.ac.lk/,university of malbourne,https://study.unimelb.edu.au/find/courses/graduate/doctor-of-medicine/
tsinghua university,https://www.shanghairanking.com/institution/tsinghua-university,"university of california, berkeley",https://www.timeshighereducation.com/student/register-interest/shorelight?utm_medium=thewebsite&utm_campaign=cta-link&utm_source=rankings&iid=i-50018853,national university of singapore (nus),https://www.nus.edu.sg/,the university of new south wales (unsw sydney),https://www.avondale.edu.au/course/master-of-lifestyle-medicine/
imperial college london,https://www.shanghairanking.com/institution/imperial-college-london,imperial college london,https://www.timeshighereducation.com/student/register-interest/siuk?utm_medium=thewebsite&utm_campaign=cta-link&utm_source=rankings&iid=i-67704114,,,,Not Available
university of toronto,https://www.shanghairanking.com/institution/university-of-toronto,university of toronto,https://www.timeshighereducation.com/student/register-interest/applyboard?utm_medium=thewebsite&utm_campaign=cta-link&utm_source=rankings&iid=i-67051171,national university of singapore (nus),https://www.nus.edu.sg/,the university of new south wales (unsw sydney),https://www.avondale.edu.au/course/master-of-lifestyle-medicine/
washington university in st. louis,https://www.shanghairanking.com/institution/washington-university-in-st-louis,university of washington,https://www.timeshighereducation.com/student/register-interest/shorelight?utm_medium=thewebsite&utm_campaign=cta-link&utm_source=rankings&iid=i-79008396,singapore university of technology and design (sutd),https://www.sutd.edu.sg/,monash university,https://www.monash.edu/study/interest-areas/health
university of michigan-ann arbor,https://www.shanghairanking.com/institution/university-of-michigan-ann-arbor,university of michigan-ann arbor,https://www.timeshighereducation.com/student/register-interest/shorelight?utm_medium=thewebsite&utm_campaign=cta-link&utm_source=rankings&iid=i-98611775,singapore university of technology and design (sutd),https://www.sutd.edu.sg/,monash university,https://www.monash.edu/study/interest-areas/health
the university of tokyo,https://www.shanghairanking.com/institution/the-university-of-tokyo,massachusetts institute of technology,https://www.timeshighereducation.com/student/register-interest/shorelight?utm_medium=thewebsite&utm_campaign=cta-link&utm_source=rankings&iid=i-68334672,national university of singapore (nus),https://www.nus.edu.sg/,the university of new south wales (unsw sydney),https://www.avondale.edu.au/course/master-of-lifestyle-medicine/
new york university,https://www.shanghairanking.com/institution/new-york-university,new york university,https://www.timeshighereducation.com/student/register-interest/shorelight?utm_medium=thewebsite&utm_campaign=cta-link&utm_source=rankings&iid=i-53177321,national university of singapore (nus),https://www.nus.edu.sg/,the university of new south wales (unsw sydney),https://www.avondale.edu.au/course/master-of-lifestyle-medicine/
peking university,https://www.shanghairanking.com/institution/peking-university,"university of california, berkeley",https://www.timeshighereducation.com/student/register-interest/shorelight?utm_medium=thewebsite&utm_campaign=cta-link&utm_source=rankings&iid=i-50018853,national university of singapore (nus),https://www.nus.edu.sg/,the university of new south wales (unsw sydney),https://www.avondale.edu.au/course/master-of-lifestyle-medicine/
northwestern university,https://www.shanghairanking.com/institution/northwestern-university,northwestern university,https://www.timeshighereducation.com/student/register-interest/shorelight?utm_medium=thewebsite&utm_campaign=cta-link&utm_source=rankings&iid=i-44947751,national university of singapore (nus),https://www.nus.edu.sg/,the university of new south wales (unsw sydney),https://www.avondale.edu.au/course/master-of-lifestyle-medicine/
university of north carolina at chapel hill,https://www.shanghairanking.com/institution/university-of-north-carolina-at-chapel-hill,university of north carolina at chapel hill,https://www.timeshighereducation.com/student/register-interest/shorelight?utm_medium=thewebsite&utm_campaign=cta-link&utm_source=rankings&iid=i-95855921,university of colombo,https://cmb.ac.lk/,university of malbourne,https://study.unimelb.edu.au/find/courses/graduate/doctor-of-medicine/
university of copenhagen,https://www.shanghairanking.com/institution/university-of-copenhagen,massachusetts institute of technology,https://www.timeshighereducation.com/student/register-interest/shorelight?utm_medium=thewebsite&utm_campaign=cta-link&utm_source=rankings&iid=i-68334672,national university of singapore (nus),https://www.nus.edu.sg/,the university of new south wales (unsw sydney),https://www.avondale.edu.au/course/master-of-lifestyle-medicine/
zhejiang university,https://www.shanghairanking.com/institution/zhejiang-university,"university of california, berkeley",https://www.timeshighereducation.com/student/register-interest/shorelight?utm_medium=thewebsite&utm_campaign=cta-link&utm_source=rankings&iid=i-50018853,national university of singapore (nus),https://www.nus.edu.sg/,the university of new south wales (unsw sydney),https://www.avondale.edu.au/course/master-of-lifestyle-medicine/
duke university,https://www.shanghairanking.com/institution/duke-university,duke university,https://www.timeshighereducation.com/student/register-interest/shorelight?utm_medium=thewebsite&utm_campaign=cta-link&utm_source=rankings&iid=i-10310643,national university of singapore (nus),https://www.nus.edu.sg/,university of malbourne,https://study.unimelb.edu.au/find/courses/graduate/doctor-of-medicine/
the university of melbourne,https://www.shanghairanking.com/institution/the-university-of-melbourne,university of melbourne,https://www.timeshighereducation.com/student/register-interest/aecc?utm_medium=thewebsite&utm_campaign=cta-link&utm_source=rankings&iid=i-84190491,singapore university of technology and design (sutd),https://www.sutd.edu.sg/,university of malbourne,https://study.unimelb.edu.au/find/courses/graduate/doctor-of-medicine/
university of wisconsin - madison,https://www.shanghairanking.com/institution/university-of-wisconsin-madison,university of wisconsin-madison,https://www.timeshighereducation.com/student/register-interest/shorelight?utm_medium=thewebsite&utm_campaign=cta-link&utm_source=rankings&iid=i-96030823,singapore university of technology and design (sutd),https://www.sutd.edu.sg/,monash university,https://www.monash.edu/study/interest-areas/health
karolinska institute,https://www.shanghairanking.com/institution/karolinska-institute,massachusetts institute of technology,https://www.timeshighereducation.com/student/register-interest/shorelight?utm_medium=thewebsite&utm_campaign=cta-link&utm_source=rankings&iid=i-68334672,indian institute of technology (iit) bombay,https://www.iitb.ac.in/,,Not Available
the university of edinburgh,https://www.shanghairanking.com/institution/the-university-of-edinburgh,university of edinburgh,https://www.timeshighereducation.com/student/register-interest/siuk?utm_medium=thewebsite&utm_campaign=cta-link&utm_source=rankings&iid=i-61465682,singapore university of technology and design (sutd),https://www.sutd.edu.sg/,the university of new south wales (unsw sydney),https://www.avondale.edu.au/course/master-of-lifestyle-medicine/
kyoto university,https://www.shanghairanking.com/institution/kyoto-university,"university of california, berkeley",https://www.timeshighereducation.com/student/register-interest/shorelight?utm_medium=thewebsite&utm_campaign=cta-link&utm_source=rankings&iid=i-50018853,national university of singapore (nus),https://www.nus.edu.sg/,the university of new south wales (unsw sydney),https://www.avondale.edu.au/course/master-of-lifestyle-medicine/
rockefeller university,https://www.shanghairanking.com/institution/rockefeller-university,"university of california, berkeley",https://www.timeshighereducation.com/student/register-interest/shorelight?utm_medium=thewebsite&utm_campaign=cta-link&utm_source=rankings&iid=i-50018853,national university of singapore (nus),https://www.nus.edu.sg/,the university of new south wales (unsw sydney),https://www.avondale.edu.au/course/master-of-lifestyle-medicine/
psl university,https://www.shanghairanking.com/institution/psl-university,university of cambridge,https://www.timeshighereducation.com/student/register-interest/siuk?utm_medium=thewebsite&utm_campaign=cta-link&utm_source=rankings&iid=i-67516113,national university of singapore (nus),https://www.nus.edu.sg/,university of malbourne,https://study.unimelb.edu.au/find/courses/graduate/doctor-of-medicine/
the university of manchester,https://www.shanghairanking.com/institution/the-university-of-manchester,university of manchester,https://www.timeshighereducation.com/student/register-interest/siuk?utm_medium=thewebsite&utm_campaign=cta-link&utm_source=rankings&iid=i-29944014,singapore university of technology and design (sutd),https://www.sutd.edu.sg/,the university of new south wales (unsw sydney),https://www.avondale.edu.au/course/master-of-lifestyle-medicine/
the university of texas at austin,https://www.shanghairanking.com/institution/the-university-of-texas-at-austin,university of texas at austin,https://www.timeshighereducation.com/student/register-interest/shorelight?utm_medium=thewebsite&utm_campaign=cta-link&utm_source=rankings&iid=i-33268802,singapore university of technology and design (sutd),https://www.sutd.edu.sg/,monash university,https://www.monash.edu/study/interest-areas/health
university of british columbia,https://www.shanghairanking.com/institution/university-of-british-columbia,university of british columbia,https://www.timeshighereducation.com/student/register-interest/applyboard?utm_medium=thewebsite&utm_campaign=cta-link&utm_source=rankings&iid=i-91511981,singapore university of technology and design (sutd),https://www.sutd.edu.sg/,the university of new south wales (unsw sydney),https://www.avondale.edu.au/course/master-of-lifestyle-medicine/
"university of minnesota, twin cities",https://www.shanghairanking.com/institution/university-of-minnesota-twin-cities,university of minnesota,https://www.timeshighereducation.com/student/register-interest/shorelight?utm_medium=thewebsite&utm_campaign=cta-link&utm_source=rankings&iid=i-25162572,university of colombo,https://cmb.ac.lk/,university of malbourne,https://study.unimelb.edu.au/find/courses/graduate/doctor-of-medicine/
shanghai jiao tong university,https://www.shanghairanking.com/institution/shanghai-jiao-tong-university,harvard university,https://www.timeshighereducation.com/student/register-interest/shorelight?utm_medium=thewebsite&utm_campaign=cta-link&utm_source=rankings&iid=i-48698023,singapore university of technology and design (sutd),https://www.sutd.edu.sg/,the university of new south wales (unsw sydney),https://www.avondale.edu.au/course/master-of-lifestyle-medicine/
sorbonne university,https://www.shanghairanking.com/institution/sorbonne-university,"university of california, berkeley",https://www.timeshighereducation.com/student/register-interest/shorelight?utm_medium=thewebsite&utm_campaign=cta-link&utm_source=rankings&iid=i-50018853,national university of singapore (nus),https://www.nus.edu.sg/,the university of new south wales (unsw sydney),https://www.avondale.edu.au/course/master-of-lifestyle-medicine/
the university of texas southwestern medical center at dallas,https://www.shanghairanking.com/institution/the-university-of-texas-southwestern-medical-center-at-dallas,university of oxford,https://www.timeshighereducation.com/student/register-interest/siuk?utm_medium=thewebsite&utm_campaign=cta-link&utm_source=rankings&iid=i-92611101,national university of singapore (nus),https://www.nus.edu.sg/,university of malbourne,https://study.unimelb.edu.au/find/courses/graduate/doctor-of-medicine/
university of geneva,https://www.shanghairanking.com/institution/university-of-geneva,massachusetts institute of technology,https://www.timeshighereducation.com/student/register-interest/shorelight?utm_medium=thewebsite&utm_campaign=cta-link&utm_source=rankings&iid=i-68334672,national university of singapore (nus),https://www.nus.edu.sg/,the university of new south wales (unsw sydney),https://www.avondale.edu.au/course/master-of-lifestyle-medicine/
"university of maryland, college park",https://www.shanghairanking.com/institution/university-of-maryland-college-park,"university of maryland, college park",https://www.timeshighereducation.com/student/register-interest/shorelight?utm_medium=thewebsite&utm_campaign=cta-link&utm_source=rankings&iid=i-76110123,university of colombo,https://cmb.ac.lk/,university of malbourne,https://study.unimelb.edu.au/find/courses/graduate/doctor-of-medicine/
the university of queensland,https://www.shanghairanking.com/institution/the-university-of-queensland,harvard university,https://www.timeshighereducation.com/student/register-interest/shorelight?utm_medium=thewebsite&utm_campaign=cta-link&utm_source=rankings&iid=i-48698023,singapore university of technology and design (sutd),https://www.sutd.edu.sg/,the university of new south wales (unsw sydney),https://www.avondale.edu.au/course/master-of-lifestyle-medicine/
university of illinois at urbana-champaign,https://www.shanghairanking.com/institution/university-of-illinois-at-urbana-champaign,university of illinois at urbana-champaign,https://www.timeshighereducation.com/student/register-interest/shorelight?utm_medium=thewebsite&utm_campaign=cta-link&utm_source=rankings&iid=i-24020534,university of colombo,https://cmb.ac.lk/,university of malbourne,https://study.unimelb.edu.au/find/courses/graduate/doctor-of-medicine/
utrecht university,https://www.shanghairanking.com/institution/utrecht-university,"university of california, berkeley",https://www.timeshighereducation.com/student/register-interest/shorelight?utm_medium=thewebsite&utm_campaign=cta-link&utm_source=rankings&iid=i-50018853,national university of singapore (nus),https://www.nus.edu.sg/,the university of new south wales (unsw sydney),https://www.avondale.edu.au/course/master-of-lifestyle-medicine/
swiss federal institute of technology lausanne,https://www.shanghairanking.com/institution/swiss-federal-institute-of-technology-lausanne,university of oxford,https://www.timeshighereducation.com/student/register-interest/siuk?utm_medium=thewebsite&utm_campaign=cta-link&utm_source=rankings&iid=i-92611101,university of colombo,https://cmb.ac.lk/,university of malbourne,https://study.unimelb.edu.au/find/courses/graduate/doctor-of-medicine/
heidelberg university,https://www.shanghairanking.com/institution/heidelberg-university,"university of california, berkeley",https://www.timeshighereducation.com/student/register-interest/shorelight?utm_medium=thewebsite&utm_campaign=cta-link&utm_source=rankings&iid=i-50018853,national university of singapore (nus),https://www.nus.edu.sg/,the university of new south wales (unsw sydney),https://www.avondale.edu.au/course/master-of-lifestyle-medicine/
fudan university,https://www.shanghairanking.com/institution/fudan-university,"university of california, berkeley",https://www.timeshighereducation.com/student/register-interest/shorelight?utm_medium=thewebsite&utm_campaign=cta-link&utm_source=rankings&iid=i-50018853,national university of singapore (nus),https://www.nus.edu.sg/,the university of new south wales (unsw sydney),https://www.avondale.edu.au/course/master-of-lifestyle-medicine/
university of colorado at boulder,https://www.shanghairanking.com/institution/university-of-colorado-at-boulder,university of colorado boulder,https://www.timeshighereducation.com/student/register-interest/shorelight?utm_medium=thewebsite&utm_campaign=cta-link&utm_source=rankings&iid=i-73893083,singapore university of technology and design (sutd),https://www.sutd.edu.sg/,monash university,https://www.monash.edu/study/interest-areas/health
university of southern california,https://www.shanghairanking.com/institution/university-of-southern-california,university of southern california,https://www.timeshighereducation.com/student/register-interest/shorelight?utm_medium=thewebsite&utm_campaign=cta-link&utm_source=rankings&iid=i-74975443,singapore university of technology and design (sutd),https://www.sutd.edu.sg/,monash university,https://www.monash.edu/study/interest-areas/health
king's college london,https://www.shanghairanking.com/institution/kings-college-london,london school of economics and political science,https://www.timeshighereducation.com/student/register-interest/siuk?utm_medium=thewebsite&utm_campaign=cta-link&utm_source=rankings&iid=i-89868061,king abdullah university of science and technology,https://www.kaust.edu.sa/en/research/generative-ai,,Not Available
technical university of munich,https://www.shanghairanking.com/institution/technical-university-of-munich,university of oxford,https://www.timeshighereducation.com/student/register-interest/siuk?utm_medium=thewebsite&utm_campaign=cta-link&utm_source=rankings&iid=i-92611101,singapore university of technology and design (sutd),https://www.sutd.edu.sg/,the university of new south wales (unsw sydney),https://www.avondale.edu.au/course/master-of-lifestyle-medicine/
university of munich,https://www.shanghairanking.com/institution/university-of-munich,massachusetts institute of technology,https://www.timeshighereducation.com/student/register-interest/shorelight?utm_medium=thewebsite&utm_campaign=cta-link&utm_source=rankings&iid=i-68334672,national university of singapore (nus),https://www.nus.edu.sg/,the university of new south wales (unsw sydney),https://www.avondale.edu.au/course/master-of-lifestyle-medicine/
university of zurich,https://www.shanghairanking.com/institution/university-of-zurich,massachusetts institute of technology,https://www.timeshighereducation.com/student/register-interest/shorelight?utm_medium=thewebsite&utm_campaign=cta-link&utm_source=rankings&iid=i-68334672,national university of singapore (nus),https://www.nus.edu.sg/,the university of new south wales (unsw sydney),https://www.avondale.edu.au/course/master-of-lifestyle-medicine/
"university of california, santa barbara",https://www.shanghairanking.com/institution/university-of-california-santa-barbara,"university of california, santa barbara",https://www.timeshighereducation.com/student/register-interest/shorelight?utm_medium=thewebsite&utm_campaign=cta-link&utm_source=rankings&iid=i-69587594,university of colombo,https://cmb.ac.lk/,university of malbourne,https://study.unimelb.edu.au/find/courses/graduate/doctor-of-medicine/
university of science and technology of china,https://www.shanghairanking.com/institution/university-of-science-and-technology-of-china,university of oxford,https://www.timeshighereducation.com/student/register-interest/siuk?utm_medium=thewebsite&utm_campaign=cta-link&utm_source=rankings&iid=i-92611101,king abdullah university of science and technology,https://www.kaust.edu.sa/en/research/generative-ai,university of malbourne,https://study.unimelb.edu.au/find/courses/graduate/doctor-of-medicine/
"university of california, irvine",https://www.shanghairanking.com/institution/university-of-california-irvine,"university of california, irvine",https://www.timeshighereducation.com/student/register-interest/shorelight?utm_medium=thewebsite&utm_campaign=cta-link&utm_source=rankings&iid=i-49530901,singapore university of technology and design (sutd),https://www.sutd.edu.sg/,monash university,https://www.monash.edu/study/interest-areas/health
vanderbilt university,https://www.shanghairanking.com/institution/vanderbilt-university,vanderbilt university,https://www.timeshighereducation.com/student/register-interest/shorelight?utm_medium=thewebsite&utm_campaign=cta-link&utm_source=rankings&iid=i-72359222,national university of singapore (nus),https://www.nus.edu.sg/,the university of new south wales (unsw sydney),https://www.avondale.edu.au/course/master-of-lifestyle-medicine/
university of bonn,https://www.shanghairanking.com/institution/university-of-bonn,massachusetts institute of technology,https://www.timeshighereducation.com/student/register-interest/shorelight?utm_medium=thewebsite&utm_campaign=cta-link&utm_source=rankings&iid=i-68334672,national university of singapore (nus),https://www.nus.edu.sg/,the university of new south wales (unsw sydney),https://www.avondale.edu.au/course/master-of-lifestyle-medicine/
weizmann institute of science,https://www.shanghairanking.com/institution/weizmann-institute-of-science,london school of economics and political science,https://www.timeshighereducation.com/student/register-interest/siuk?utm_medium=thewebsite&utm_campaign=cta-link&utm_source=rankings&iid=i-89868061,singapore university of technology and design (sutd),https://www.sutd.edu.sg/,the university of new south wales (unsw sydney),https://www.avondale.edu.au/course/master-of-lifestyle-medicine/
université paris cité,https://www.shanghairanking.com/institution/university-of-paris,,Not Available,,,,Not Available
mcgill university,https://www.shanghairanking.com/institution/mcgill-university,mcgill university,https://www.timeshighereducation.com/student/register-interest/applyboard?utm_medium=thewebsite&utm_campaign=cta-link&utm_source=rankings&iid=i-09910272,national university of singapore (nus),https://www.nus.edu.sg/,the university of new south wales (unsw sydney),https://www.avondale.edu.au/course/master-of-lifestyle-medicine/
national university of singapore,https://www.shanghairanking.com/institution/national-university-of-singapore,university of oxford,https://www.timeshighereducation.com/student/register-interest/siuk?utm_medium=thewebsite&utm_campaign=cta-link&utm_source=rankings&iid=i-92611101,national university of singapore (nus),https://www.nus.edu.sg/,monash university,https://www.monash.edu/study/interest-areas/health
the university of new south wales,https://www.shanghairanking.com/institution/the-university-of-new-south-wales,university of oxford,https://www.timeshighereducation.com/student/register-interest/siuk?utm_medium=thewebsite&utm_campaign=cta-link&utm_source=rankings&iid=i-92611101,singapore university of technology and design (sutd),https://www.sutd.edu.sg/,the university of new south wales (unsw sydney),https://www.avondale.edu.au/course/master-of-lifestyle-medicine/
sun yat-sen university,https://www.shanghairanking.com/institution/sun-yat-sen-university,"university of california, berkeley",https://www.timeshighereducation.com/student/register-interest/shorelight?utm_medium=thewebsite&utm_campaign=cta-link&utm_source=rankings&iid=i-50018853,national university of singapore (nus),https://www.nus.edu.sg/,the university of new south wales (unsw sydney),https://www.avondale.edu.au/course/master-of-lifestyle-medicine/
university of oslo,https://www.shanghairanking.com/institution/university-of-oslo,massachusetts institute of technology,https://www.timeshighereducation.com/student/register-interest/shorelight?utm_medium=thewebsite&utm_campaign=cta-link&utm_source=rankings&iid=i-68334672,university of colombo,https://cmb.ac.lk/,the university of new south wales (unsw sydney),https://www.avondale.edu.au/course/master-of-lifestyle-medicine/
university of sydney,https://www.shanghairanking.com/institution/university-of-sydney,massachusetts institute of technology,https://www.timeshighereducation.com/student/register-interest/shorelight?utm_medium=thewebsite&utm_campaign=cta-link&utm_source=rankings&iid=i-68334672,national university of singapore (nus),https://www.nus.edu.sg/,the university of sydney,https://www.sydney.edu.au/content/courses/field-of-study/medicine-and-health.html
university of groningen,https://www.shanghairanking.com/institution/university-of-groningen,massachusetts institute of technology,https://www.timeshighereducation.com/student/register-interest/shorelight?utm_medium=thewebsite&utm_campaign=cta-link&utm_source=rankings&iid=i-68334672,national university of singapore (nus),https://www.nus.edu.sg/,the university of new south wales (unsw sydney),https://www.avondale.edu.au/course/master-of-lifestyle-medicine/
monash university,https://www.shanghairanking.com/institution/monash-university,monash university,https://www.timeshighereducation.com/student/register-interest/aecc?utm_medium=thewebsite&utm_campaign=cta-link&utm_source=rankings&iid=i-45738353,national university of singapore (nus),https://www.nus.edu.sg/,monash university,https://www.monash.edu/study/interest-areas/health
aarhus university,https://www.shanghairanking.com/institution/aarhus-university,"university of california, berkeley",https://www.timeshighereducation.com/student/register-interest/shorelight?utm_medium=thewebsite&utm_campaign=cta-link&utm_source=rankings&iid=i-50018853,national university of singapore (nus),https://www.nus.edu.sg/,the university of new south wales (unsw sydney),https://www.avondale.edu.au/course/master-of-lifestyle-medicine/
technion-israel institute of technology,https://www.shanghairanking.com/institution/technion-israel-institute-of-technology,university of oxford,https://www.timeshighereducation.com/student/register-interest/siuk?utm_medium=thewebsite&utm_campaign=cta-link&utm_source=rankings&iid=i-92611101,university of colombo,https://cmb.ac.lk/,university of malbourne,https://study.unimelb.edu.au/find/courses/graduate/doctor-of-medicine/
the university of texas m. d. anderson cancer center,https://www.shanghairanking.com/institution/the-university-of-texas-m-d-anderson-cancer-center,university of oxford,https://www.timeshighereducation.com/student/register-interest/siuk?utm_medium=thewebsite&utm_campaign=cta-link&utm_source=rankings&iid=i-92611101,university of colombo,https://cmb.ac.lk/,university of malbourne,https://study.unimelb.edu.au/find/courses/graduate/doctor-of-medicine/
university of basel,https://www.shanghairanking.com/institution/university-of-basel,massachusetts institute of technology,https://www.timeshighereducation.com/student/register-interest/shorelight?utm_medium=thewebsite&utm_campaign=cta-link&utm_source=rankings&iid=i-68334672,national university of singapore (nus),https://www.nus.edu.sg/,the university of new south wales (unsw sydney),https://www.avondale.edu.au/course/master-of-lifestyle-medicine/
uppsala university,https://www.shanghairanking.com/institution/uppsala-university,"university of california, berkeley",https://www.timeshighereducation.com/student/register-interest/shorelight?utm_medium=thewebsite&utm_campaign=cta-link&utm_source=rankings&iid=i-50018853,national university of singapore (nus),https://www.nus.edu.sg/,the university of new south wales (unsw sydney),https://www.avondale.edu.au/course/master-of-lifestyle-medicine/
university of pittsburgh,https://www.shanghairanking.com/institution/university-of-pittsburgh,university of pittsburgh-pittsburgh campus,https://www.timeshighereducation.com/student/register-interest/shorelight?utm_medium=thewebsite&utm_campaign=cta-link&utm_source=rankings&iid=i-73524078,national university of singapore (nus),https://www.nus.edu.sg/,the university of new south wales (unsw sydney),https://www.avondale.edu.au/course/master-of-lifestyle-medicine/
ghent university,https://www.shanghairanking.com/institution/ghent-university,"university of california, berkeley",https://www.timeshighereducation.com/student/register-interest/shorelight?utm_medium=thewebsite&utm_campaign=cta-link&utm_source=rankings&iid=i-50018853,national university of singapore (nus),https://www.nus.edu.sg/,the university of new south wales (unsw sydney),https://www.avondale.edu.au/course/master-of-lifestyle-medicine/
the australian national university,https://www.shanghairanking.com/institution/the-australian-national-university,australian national university,https://www.timeshighereducation.com/student/register-interest/aecc?utm_medium=thewebsite&utm_campaign=cta-link&utm_source=rankings&iid=i-78601931,singapore university of technology and design (sutd),https://www.sutd.edu.sg/,australian national university (anu),https://www.anu.edu.au/health-medicine
ku leuven,https://www.shanghairanking.com/institution/ku-leuven,,Not Available,,,,Not Available
the hebrew university of jerusalem,https://www.shanghairanking.com/institution/the-hebrew-university-of-jerusalem,university of oxford,https://www.timeshighereducation.com/student/register-interest/siuk?utm_medium=thewebsite&utm_campaign=cta-link&utm_source=rankings&iid=i-92611101,singapore university of technology and design (sutd),https://www.sutd.edu.sg/,monash university,https://www.monash.edu/study/interest-areas/health
erasmus university rotterdam,https://www.shanghairanking.com/institution/erasmus-university-rotterdam,harvard university,https://www.timeshighereducation.com/student/register-interest/shorelight?utm_medium=thewebsite&utm_campaign=cta-link&utm_source=rankings&iid=i-48698023,singapore university of technology and design (sutd),https://www.sutd.edu.sg/,the university of new south wales (unsw sydney),https://www.avondale.edu.au/course/master-of-lifestyle-medicine/
the university of hong kong,https://www.shanghairanking.com/institution/the-university-of-hong-kong,harvard university,https://www.timeshighereducation.com/student/register-interest/shorelight?utm_medium=thewebsite&utm_campaign=cta-link&utm_source=rankings&iid=i-48698023,the hong kong polytechnic university,https://www.polyu.edu.hk/gs/prospective-students/hkpfs/,the university of new south wales (unsw sydney),https://www.avondale.edu.au/course/master-of-lifestyle-medicine/
university of bristol,https://www.shanghairanking.com/institution/university-of-bristol,massachusetts institute of technology,https://www.timeshighereducation.com/student/register-interest/shorelight?utm_medium=thewebsite&utm_campaign=cta-link&utm_source=rankings&iid=i-68334672,national university of singapore (nus),https://www.nus.edu.sg/,the university of new south wales (unsw sydney),https://www.avondale.edu.au/course/master-of-lifestyle-medicine/
huazhong university of science and technology,https://www.shanghairanking.com/institution/huazhong-university-of-science-and-technology,university of oxford,https://www.timeshighereducation.com/student/register-interest/siuk?utm_medium=thewebsite&utm_campaign=cta-link&utm_source=rankings&iid=i-92611101,university of colombo,https://cmb.ac.lk/,university of malbourne,https://study.unimelb.edu.au/find/courses/graduate/doctor-of-medicine/
university of alberta,https://www.shanghairanking.com/institution/university-of-alberta,university of alberta,https://www.timeshighereducation.com/student/register-interest/applyboard?utm_medium=thewebsite&utm_campaign=cta-link&utm_source=rankings&iid=i-20147712,national university of singapore (nus),https://www.nus.edu.sg/,the university of new south wales (unsw sydney),https://www.avondale.edu.au/course/master-of-lifestyle-medicine/
nanyang technological university,https://www.shanghairanking.com/institution/nanyang-technological-university,university of oxford,https://www.timeshighereducation.com/student/register-interest/siuk?utm_medium=thewebsite&utm_campaign=cta-link&utm_source=rankings&iid=i-92611101,nanyang technological university (ntu),https://www.ntu.edu.sg/,monash university,https://www.monash.edu/study/interest-areas/health
seoul national university,https://www.shanghairanking.com/institution/seoul-national-university,yale university,https://www.timeshighereducation.com/student/register-interest/shorelight?utm_medium=thewebsite&utm_campaign=cta-link&utm_source=rankings&iid=i-73583889,singapore university of technology and design (sutd),https://www.sutd.edu.sg/,the university of new south wales (unsw sydney),https://www.avondale.edu.au/course/master-of-lifestyle-medicine/
central south university,https://www.shanghairanking.com/institution/central-south-university,yale university,https://www.timeshighereducation.com/student/register-interest/shorelight?utm_medium=thewebsite&utm_campaign=cta-link&utm_source=rankings&iid=i-73583889,national university of singapore (nus),https://www.nus.edu.sg/,the university of new south wales (unsw sydney),https://www.avondale.edu.au/course/master-of-lifestyle-medicine/
nanjing university,https://www.shanghairanking.com/institution/nanjing-university,"university of california, berkeley",https://www.timeshighereducation.com/student/register-interest/shorelight?utm_medium=thewebsite&utm_campaign=cta-link&utm_source=rankings&iid=i-50018853,national university of singapore (nus),https://www.nus.edu.sg/,the university of new south wales (unsw sydney),https://www.avondale.edu.au/course/master-of-lifestyle-medicine/
purdue university - west lafayette,https://www.shanghairanking.com/institution/purdue-university-west-lafayette,purdue university west lafayette,https://www.timeshighereducation.com/student/register-interest/shorelight?utm_medium=thewebsite&utm_campaign=cta-link&utm_source=rankings&iid=i-32236813,singapore university of technology and design (sutd),https://www.sutd.edu.sg/,monash university,https://www.monash.edu/study/interest-areas/health
brown university,https://www.shanghairanking.com/institution/brown-university,brown university,https://www.timeshighereducation.com/student/register-interest/shorelight?utm_medium=thewebsite&utm_campaign=cta-link&utm_source=rankings&iid=i-47263781,national university of singapore (nus),https://www.nus.edu.sg/,the university of new south wales (unsw sydney),https://www.avondale.edu.au/course/master-of-lifestyle-medicine/
mcmaster university,https://www.shanghairanking.com/institution/mcmaster-university,lancaster university,https://www.timeshighereducation.com/student/register-interest/siuk?utm_medium=thewebsite&utm_campaign=cta-link&utm_source=rankings&iid=i-49618222,national university of singapore (nus),https://www.nus.edu.sg/,the university of new south wales (unsw sydney),https://www.avondale.edu.au/course/master-of-lifestyle-medicine/
stockholm university,https://www.shanghairanking.com/institution/stockholm-university,"university of california, berkeley",https://www.timeshighereducation.com/student/register-interest/shorelight?utm_medium=thewebsite&utm_campaign=cta-link&utm_source=rankings&iid=i-50018853,national university of singapore (nus),https://www.nus.edu.sg/,the university of new south wales (unsw sydney),https://www.avondale.edu.au/course/master-of-lifestyle-medicine/
